timeline,survival_probability,group,risk_group,color,linestyle
0,1,Low Risk - Unweighted,low,blue,solid
1,0.99929078,Low Risk - Unweighted,low,blue,solid
2,0.99929078,Low Risk - Unweighted,low,blue,solid
3,0.997127813,Low Risk - Unweighted,low,blue,solid
4,0.994960144,Low Risk - Unweighted,low,blue,solid
5,0.993505524,Low Risk - Unweighted,low,blue,solid
6,0.99203148,Low Risk - Unweighted,low,blue,solid
7,0.99203148,Low Risk - Unweighted,low,blue,solid
8,0.991278229,Low Risk - Unweighted,low,blue,solid
9,0.990516879,Low Risk - Unweighted,low,blue,solid
10,0.990516879,Low Risk - Unweighted,low,blue,solid
11,0.990516879,Low Risk - Unweighted,low,blue,solid
12,0.988934583,Low Risk - Unweighted,low,blue,solid
13,0.988934583,Low Risk - Unweighted,low,blue,solid
14,0.988121315,Low Risk - Unweighted,low,blue,solid
15,0.988121315,Low Risk - Unweighted,low,blue,solid
16,0.988121315,Low Risk - Unweighted,low,blue,solid
17,0.986449367,Low Risk - Unweighted,low,blue,solid
18,0.985603355,Low Risk - Unweighted,low,blue,solid
19,0.984751494,Low Risk - Unweighted,low,blue,solid
20,0.983894443,Low Risk - Unweighted,low,blue,solid
21,0.983894443,Low Risk - Unweighted,low,blue,solid
22,0.983894443,Low Risk - Unweighted,low,blue,solid
23,0.983894443,Low Risk - Unweighted,low,blue,solid
24,0.982998364,Low Risk - Unweighted,low,blue,solid
25,0.982998364,Low Risk - Unweighted,low,blue,solid
26,0.982998364,Low Risk - Unweighted,low,blue,solid
27,0.982998364,Low Risk - Unweighted,low,blue,solid
28,0.982998364,Low Risk - Unweighted,low,blue,solid
29,0.981106164,Low Risk - Unweighted,low,blue,solid
30,0.979193676,Low Risk - Unweighted,low,blue,solid
31,0.979193676,Low Risk - Unweighted,low,blue,solid
32,0.979193676,Low Risk - Unweighted,low,blue,solid
33,0.979193676,Low Risk - Unweighted,low,blue,solid
34,0.978201585,Low Risk - Unweighted,low,blue,solid
35,0.977204438,Low Risk - Unweighted,low,blue,solid
36,0.976192839,Low Risk - Unweighted,low,blue,solid
37,0.975167426,Low Risk - Unweighted,low,blue,solid
38,0.973101394,Low Risk - Unweighted,low,blue,solid
39,0.973101394,Low Risk - Unweighted,low,blue,solid
40,0.972044823,Low Risk - Unweighted,low,blue,solid
41,0.972044823,Low Risk - Unweighted,low,blue,solid
42,0.972044823,Low Risk - Unweighted,low,blue,solid
43,0.970961161,Low Risk - Unweighted,low,blue,solid
44,0.970961161,Low Risk - Unweighted,low,blue,solid
45,0.969854022,Low Risk - Unweighted,low,blue,solid
46,0.969854022,Low Risk - Unweighted,low,blue,solid
47,0.969854022,Low Risk - Unweighted,low,blue,solid
48,0.968704906,Low Risk - Unweighted,low,blue,solid
49,0.968704906,Low Risk - Unweighted,low,blue,solid
50,0.967511919,Low Risk - Unweighted,low,blue,solid
51,0.967511919,Low Risk - Unweighted,low,blue,solid
52,0.966274692,Low Risk - Unweighted,low,blue,solid
53,0.966274692,Low Risk - Unweighted,low,blue,solid
54,0.964974187,Low Risk - Unweighted,low,blue,solid
55,0.964974187,Low Risk - Unweighted,low,blue,solid
56,0.963615069,Low Risk - Unweighted,low,blue,solid
57,0.963615069,Low Risk - Unweighted,low,blue,solid
58,0.963615069,Low Risk - Unweighted,low,blue,solid
59,0.963615069,Low Risk - Unweighted,low,blue,solid
60,0.963615069,Low Risk - Unweighted,low,blue,solid
61,0.963615069,Low Risk - Unweighted,low,blue,solid
62,0.961962213,Low Risk - Unweighted,low,blue,solid
63,0.961962213,Low Risk - Unweighted,low,blue,solid
64,0.960136858,Low Risk - Unweighted,low,blue,solid
65,0.958220417,Low Risk - Unweighted,low,blue,solid
66,0.958220417,Low Risk - Unweighted,low,blue,solid
67,0.958220417,Low Risk - Unweighted,low,blue,solid
68,0.956047581,Low Risk - Unweighted,low,blue,solid
69,0.956047581,Low Risk - Unweighted,low,blue,solid
70,0.956047581,Low Risk - Unweighted,low,blue,solid
71,0.956047581,Low Risk - Unweighted,low,blue,solid
72,0.956047581,Low Risk - Unweighted,low,blue,solid
73,0.956047581,Low Risk - Unweighted,low,blue,solid
74,0.953176568,Low Risk - Unweighted,low,blue,solid
75,0.95015061,Low Risk - Unweighted,low,blue,solid
76,0.95015061,Low Risk - Unweighted,low,blue,solid
77,0.95015061,Low Risk - Unweighted,low,blue,solid
78,0.95015061,Low Risk - Unweighted,low,blue,solid
79,0.95015061,Low Risk - Unweighted,low,blue,solid
80,0.95015061,Low Risk - Unweighted,low,blue,solid
81,0.95015061,Low Risk - Unweighted,low,blue,solid
82,0.95015061,Low Risk - Unweighted,low,blue,solid
83,0.95015061,Low Risk - Unweighted,low,blue,solid
84,0.95015061,Low Risk - Unweighted,low,blue,solid
85,0.95015061,Low Risk - Unweighted,low,blue,solid
86,0.945252927,Low Risk - Unweighted,low,blue,solid
87,0.945252927,Low Risk - Unweighted,low,blue,solid
88,0.945252927,Low Risk - Unweighted,low,blue,solid
89,0.945252927,Low Risk - Unweighted,low,blue,solid
90,0.945252927,Low Risk - Unweighted,low,blue,solid
91,0.945252927,Low Risk - Unweighted,low,blue,solid
92,0.945252927,Low Risk - Unweighted,low,blue,solid
93,0.945252927,Low Risk - Unweighted,low,blue,solid
94,0.945252927,Low Risk - Unweighted,low,blue,solid
95,0.945252927,Low Risk - Unweighted,low,blue,solid
96,0.945252927,Low Risk - Unweighted,low,blue,solid
97,0.945252927,Low Risk - Unweighted,low,blue,solid
98,0.945252927,Low Risk - Unweighted,low,blue,solid
99,0.945252927,Low Risk - Unweighted,low,blue,solid
100,0.945252927,Low Risk - Unweighted,low,blue,solid
101,0.945252927,Low Risk - Unweighted,low,blue,solid
102,0.945252927,Low Risk - Unweighted,low,blue,solid
103,0.945252927,Low Risk - Unweighted,low,blue,solid
104,0.945252927,Low Risk - Unweighted,low,blue,solid
105,0.945252927,Low Risk - Unweighted,low,blue,solid
107,0.945252927,Low Risk - Unweighted,low,blue,solid
108,0.928669542,Low Risk - Unweighted,low,blue,solid
109,0.928669542,Low Risk - Unweighted,low,blue,solid
110,0.928669542,Low Risk - Unweighted,low,blue,solid
111,0.928669542,Low Risk - Unweighted,low,blue,solid
112,0.928669542,Low Risk - Unweighted,low,blue,solid
113,0.928669542,Low Risk - Unweighted,low,blue,solid
114,0.928669542,Low Risk - Unweighted,low,blue,solid
115,0.928669542,Low Risk - Unweighted,low,blue,solid
116,0.928669542,Low Risk - Unweighted,low,blue,solid
117,0.928669542,Low Risk - Unweighted,low,blue,solid
118,0.928669542,Low Risk - Unweighted,low,blue,solid
119,0.928669542,Low Risk - Unweighted,low,blue,solid
120,0.928669542,Low Risk - Unweighted,low,blue,solid
121,0.928669542,Low Risk - Unweighted,low,blue,solid
122,0.928669542,Low Risk - Unweighted,low,blue,solid
123,0.928669542,Low Risk - Unweighted,low,blue,solid
124,0.928669542,Low Risk - Unweighted,low,blue,solid
125,0.928669542,Low Risk - Unweighted,low,blue,solid
128,0.928669542,Low Risk - Unweighted,low,blue,solid
129,0.928669542,Low Risk - Unweighted,low,blue,solid
131,0.928669542,Low Risk - Unweighted,low,blue,solid
132,0.928669542,Low Risk - Unweighted,low,blue,solid
0,1,Low Risk - ATT Weighted,low,blue,dot
1,0.999795117,Low Risk - ATT Weighted,low,blue,dot
2,0.999795117,Low Risk - ATT Weighted,low,blue,dot
3,0.997724238,Low Risk - ATT Weighted,low,blue,dot
4,0.995346974,Low Risk - ATT Weighted,low,blue,dot
5,0.992185684,Low Risk - ATT Weighted,low,blue,dot
6,0.988245598,Low Risk - ATT Weighted,low,blue,dot
7,0.988245598,Low Risk - ATT Weighted,low,blue,dot
8,0.979004871,Low Risk - ATT Weighted,low,blue,dot
9,0.97819504,Low Risk - ATT Weighted,low,blue,dot
10,0.97819504,Low Risk - ATT Weighted,low,blue,dot
11,0.97819504,Low Risk - ATT Weighted,low,blue,dot
12,0.97557291,Low Risk - ATT Weighted,low,blue,dot
13,0.97557291,Low Risk - ATT Weighted,low,blue,dot
14,0.975202208,Low Risk - ATT Weighted,low,blue,dot
15,0.975202208,Low Risk - ATT Weighted,low,blue,dot
16,0.975202208,Low Risk - ATT Weighted,low,blue,dot
17,0.968868366,Low Risk - ATT Weighted,low,blue,dot
18,0.963899723,Low Risk - ATT Weighted,low,blue,dot
19,0.963577209,Low Risk - ATT Weighted,low,blue,dot
20,0.96283883,Low Risk - ATT Weighted,low,blue,dot
21,0.96283883,Low Risk - ATT Weighted,low,blue,dot
22,0.96283883,Low Risk - ATT Weighted,low,blue,dot
23,0.96283883,Low Risk - ATT Weighted,low,blue,dot
24,0.962774304,Low Risk - ATT Weighted,low,blue,dot
25,0.962774304,Low Risk - ATT Weighted,low,blue,dot
26,0.962774304,Low Risk - ATT Weighted,low,blue,dot
27,0.962774304,Low Risk - ATT Weighted,low,blue,dot
28,0.962774304,Low Risk - ATT Weighted,low,blue,dot
29,0.961059777,Low Risk - ATT Weighted,low,blue,dot
30,0.955401499,Low Risk - ATT Weighted,low,blue,dot
31,0.955401499,Low Risk - ATT Weighted,low,blue,dot
32,0.955401499,Low Risk - ATT Weighted,low,blue,dot
33,0.955401499,Low Risk - ATT Weighted,low,blue,dot
34,0.954242266,Low Risk - ATT Weighted,low,blue,dot
35,0.952448707,Low Risk - ATT Weighted,low,blue,dot
36,0.950473914,Low Risk - ATT Weighted,low,blue,dot
37,0.946790482,Low Risk - ATT Weighted,low,blue,dot
38,0.93577387,Low Risk - ATT Weighted,low,blue,dot
39,0.93577387,Low Risk - ATT Weighted,low,blue,dot
40,0.934559216,Low Risk - ATT Weighted,low,blue,dot
41,0.934559216,Low Risk - ATT Weighted,low,blue,dot
42,0.934559216,Low Risk - ATT Weighted,low,blue,dot
43,0.933855593,Low Risk - ATT Weighted,low,blue,dot
44,0.933855593,Low Risk - ATT Weighted,low,blue,dot
45,0.932913449,Low Risk - ATT Weighted,low,blue,dot
46,0.932913449,Low Risk - ATT Weighted,low,blue,dot
47,0.932913449,Low Risk - ATT Weighted,low,blue,dot
48,0.931105295,Low Risk - ATT Weighted,low,blue,dot
49,0.931105295,Low Risk - ATT Weighted,low,blue,dot
50,0.930345913,Low Risk - ATT Weighted,low,blue,dot
51,0.930345913,Low Risk - ATT Weighted,low,blue,dot
52,0.929714919,Low Risk - ATT Weighted,low,blue,dot
53,0.929714919,Low Risk - ATT Weighted,low,blue,dot
54,0.916353415,Low Risk - ATT Weighted,low,blue,dot
55,0.916353415,Low Risk - ATT Weighted,low,blue,dot
56,0.915142651,Low Risk - ATT Weighted,low,blue,dot
57,0.915142651,Low Risk - ATT Weighted,low,blue,dot
58,0.915142651,Low Risk - ATT Weighted,low,blue,dot
59,0.915142651,Low Risk - ATT Weighted,low,blue,dot
60,0.915142651,Low Risk - ATT Weighted,low,blue,dot
61,0.915142651,Low Risk - ATT Weighted,low,blue,dot
62,0.914273924,Low Risk - ATT Weighted,low,blue,dot
63,0.914273924,Low Risk - ATT Weighted,low,blue,dot
64,0.908363736,Low Risk - ATT Weighted,low,blue,dot
65,0.906118037,Low Risk - ATT Weighted,low,blue,dot
66,0.906118037,Low Risk - ATT Weighted,low,blue,dot
67,0.906118037,Low Risk - ATT Weighted,low,blue,dot
68,0.904588153,Low Risk - ATT Weighted,low,blue,dot
69,0.904588153,Low Risk - ATT Weighted,low,blue,dot
70,0.904588153,Low Risk - ATT Weighted,low,blue,dot
71,0.904588153,Low Risk - ATT Weighted,low,blue,dot
72,0.904588153,Low Risk - ATT Weighted,low,blue,dot
73,0.904588153,Low Risk - ATT Weighted,low,blue,dot
74,0.903846228,Low Risk - ATT Weighted,low,blue,dot
75,0.90045571,Low Risk - ATT Weighted,low,blue,dot
76,0.90045571,Low Risk - ATT Weighted,low,blue,dot
77,0.90045571,Low Risk - ATT Weighted,low,blue,dot
78,0.90045571,Low Risk - ATT Weighted,low,blue,dot
79,0.90045571,Low Risk - ATT Weighted,low,blue,dot
80,0.90045571,Low Risk - ATT Weighted,low,blue,dot
81,0.90045571,Low Risk - ATT Weighted,low,blue,dot
82,0.90045571,Low Risk - ATT Weighted,low,blue,dot
83,0.90045571,Low Risk - ATT Weighted,low,blue,dot
84,0.90045571,Low Risk - ATT Weighted,low,blue,dot
85,0.90045571,Low Risk - ATT Weighted,low,blue,dot
86,0.895501229,Low Risk - ATT Weighted,low,blue,dot
87,0.895501229,Low Risk - ATT Weighted,low,blue,dot
88,0.895501229,Low Risk - ATT Weighted,low,blue,dot
89,0.895501229,Low Risk - ATT Weighted,low,blue,dot
90,0.895501229,Low Risk - ATT Weighted,low,blue,dot
91,0.895501229,Low Risk - ATT Weighted,low,blue,dot
92,0.895501229,Low Risk - ATT Weighted,low,blue,dot
93,0.895501229,Low Risk - ATT Weighted,low,blue,dot
94,0.895501229,Low Risk - ATT Weighted,low,blue,dot
95,0.895501229,Low Risk - ATT Weighted,low,blue,dot
96,0.895501229,Low Risk - ATT Weighted,low,blue,dot
97,0.895501229,Low Risk - ATT Weighted,low,blue,dot
98,0.895501229,Low Risk - ATT Weighted,low,blue,dot
99,0.895501229,Low Risk - ATT Weighted,low,blue,dot
100,0.895501229,Low Risk - ATT Weighted,low,blue,dot
101,0.895501229,Low Risk - ATT Weighted,low,blue,dot
102,0.895501229,Low Risk - ATT Weighted,low,blue,dot
103,0.895501229,Low Risk - ATT Weighted,low,blue,dot
104,0.895501229,Low Risk - ATT Weighted,low,blue,dot
105,0.895501229,Low Risk - ATT Weighted,low,blue,dot
107,0.895501229,Low Risk - ATT Weighted,low,blue,dot
108,0.74692291,Low Risk - ATT Weighted,low,blue,dot
109,0.74692291,Low Risk - ATT Weighted,low,blue,dot
110,0.74692291,Low Risk - ATT Weighted,low,blue,dot
111,0.74692291,Low Risk - ATT Weighted,low,blue,dot
112,0.74692291,Low Risk - ATT Weighted,low,blue,dot
113,0.74692291,Low Risk - ATT Weighted,low,blue,dot
114,0.74692291,Low Risk - ATT Weighted,low,blue,dot
115,0.74692291,Low Risk - ATT Weighted,low,blue,dot
116,0.74692291,Low Risk - ATT Weighted,low,blue,dot
117,0.74692291,Low Risk - ATT Weighted,low,blue,dot
118,0.74692291,Low Risk - ATT Weighted,low,blue,dot
119,0.74692291,Low Risk - ATT Weighted,low,blue,dot
120,0.74692291,Low Risk - ATT Weighted,low,blue,dot
121,0.74692291,Low Risk - ATT Weighted,low,blue,dot
122,0.74692291,Low Risk - ATT Weighted,low,blue,dot
123,0.74692291,Low Risk - ATT Weighted,low,blue,dot
124,0.74692291,Low Risk - ATT Weighted,low,blue,dot
125,0.74692291,Low Risk - ATT Weighted,low,blue,dot
128,0.74692291,Low Risk - ATT Weighted,low,blue,dot
129,0.74692291,Low Risk - ATT Weighted,low,blue,dot
131,0.74692291,Low Risk - ATT Weighted,low,blue,dot
132,0.74692291,Low Risk - ATT Weighted,low,blue,dot
0,1,Low Risk - ATE Weighted,low,blue,dash
1,0.999505872,Low Risk - ATE Weighted,low,blue,dash
2,0.999505872,Low Risk - ATE Weighted,low,blue,dash
3,0.997382112,Low Risk - ATE Weighted,low,blue,dash
4,0.995125145,Low Risk - ATE Weighted,low,blue,dash
5,0.992944708,Low Risk - ATE Weighted,low,blue,dash
6,0.990423566,Low Risk - ATE Weighted,low,blue,dash
7,0.990423566,Low Risk - ATE Weighted,low,blue,dash
8,0.986058489,Low Risk - ATE Weighted,low,blue,dash
9,0.985276609,Low Risk - ATE Weighted,low,blue,dash
10,0.985276609,Low Risk - ATE Weighted,low,blue,dash
11,0.985276609,Low Risk - ATE Weighted,low,blue,dash
12,0.983257628,Low Risk - ATE Weighted,low,blue,dash
13,0.983257628,Low Risk - ATE Weighted,low,blue,dash
14,0.982630993,Low Risk - ATE Weighted,low,blue,dash
15,0.982630993,Low Risk - ATE Weighted,low,blue,dash
16,0.982630993,Low Risk - ATE Weighted,low,blue,dash
17,0.979012624,Low Risk - ATE Weighted,low,blue,dash
18,0.976449682,Low Risk - ATE Weighted,low,blue,dash
19,0.975818762,Low Risk - ATE Weighted,low,blue,dash
20,0.975011361,Low Risk - ATE Weighted,low,blue,dash
21,0.975011361,Low Risk - ATE Weighted,low,blue,dash
22,0.975011361,Low Risk - ATE Weighted,low,blue,dash
23,0.975011361,Low Risk - ATE Weighted,low,blue,dash
24,0.974461149,Low Risk - ATE Weighted,low,blue,dash
25,0.974461149,Low Risk - ATE Weighted,low,blue,dash
26,0.974461149,Low Risk - ATE Weighted,low,blue,dash
27,0.974461149,Low Risk - ATE Weighted,low,blue,dash
28,0.974461149,Low Risk - ATE Weighted,low,blue,dash
29,0.972643416,Low Risk - ATE Weighted,low,blue,dash
30,0.969164183,Low Risk - ATE Weighted,low,blue,dash
31,0.969164183,Low Risk - ATE Weighted,low,blue,dash
32,0.969164183,Low Risk - ATE Weighted,low,blue,dash
33,0.969164183,Low Risk - ATE Weighted,low,blue,dash
34,0.968101879,Low Risk - ATE Weighted,low,blue,dash
35,0.966769302,Low Risk - ATE Weighted,low,blue,dash
36,0.965355037,Low Risk - ATE Weighted,low,blue,dash
37,0.963225158,Low Risk - ATE Weighted,low,blue,dash
38,0.957436521,Low Risk - ATE Weighted,low,blue,dash
39,0.957436521,Low Risk - ATE Weighted,low,blue,dash
40,0.956313823,Low Risk - ATE Weighted,low,blue,dash
41,0.956313823,Low Risk - ATE Weighted,low,blue,dash
42,0.956313823,Low Risk - ATE Weighted,low,blue,dash
43,0.955389144,Low Risk - ATE Weighted,low,blue,dash
44,0.955389144,Low Risk - ATE Weighted,low,blue,dash
45,0.954350817,Low Risk - ATE Weighted,low,blue,dash
46,0.954350817,Low Risk - ATE Weighted,low,blue,dash
47,0.954350817,Low Risk - ATE Weighted,low,blue,dash
48,0.95292919,Low Risk - ATE Weighted,low,blue,dash
49,0.95292919,Low Risk - ATE Weighted,low,blue,dash
50,0.951916969,Low Risk - ATE Weighted,low,blue,dash
51,0.951916969,Low Risk - ATE Weighted,low,blue,dash
52,0.950930284,Low Risk - ATE Weighted,low,blue,dash
53,0.950930284,Low Risk - ATE Weighted,low,blue,dash
54,0.944620734,Low Risk - ATE Weighted,low,blue,dash
55,0.944620734,Low Risk - ATE Weighted,low,blue,dash
56,0.943323327,Low Risk - ATE Weighted,low,blue,dash
57,0.943323327,Low Risk - ATE Weighted,low,blue,dash
58,0.943323327,Low Risk - ATE Weighted,low,blue,dash
59,0.943323327,Low Risk - ATE Weighted,low,blue,dash
60,0.943323327,Low Risk - ATE Weighted,low,blue,dash
61,0.943323327,Low Risk - ATE Weighted,low,blue,dash
62,0.941992117,Low Risk - ATE Weighted,low,blue,dash
63,0.941992117,Low Risk - ATE Weighted,low,blue,dash
64,0.938495886,Low Risk - ATE Weighted,low,blue,dash
65,0.936443737,Low Risk - ATE Weighted,low,blue,dash
66,0.936443737,Low Risk - ATE Weighted,low,blue,dash
67,0.936443737,Low Risk - ATE Weighted,low,blue,dash
68,0.934538927,Low Risk - ATE Weighted,low,blue,dash
69,0.934538927,Low Risk - ATE Weighted,low,blue,dash
70,0.934538927,Low Risk - ATE Weighted,low,blue,dash
71,0.934538927,Low Risk - ATE Weighted,low,blue,dash
72,0.934538927,Low Risk - ATE Weighted,low,blue,dash
73,0.934538927,Low Risk - ATE Weighted,low,blue,dash
74,0.932574379,Low Risk - ATE Weighted,low,blue,dash
75,0.929391969,Low Risk - ATE Weighted,low,blue,dash
76,0.929391969,Low Risk - ATE Weighted,low,blue,dash
77,0.929391969,Low Risk - ATE Weighted,low,blue,dash
78,0.929391969,Low Risk - ATE Weighted,low,blue,dash
79,0.929391969,Low Risk - ATE Weighted,low,blue,dash
80,0.929391969,Low Risk - ATE Weighted,low,blue,dash
81,0.929391969,Low Risk - ATE Weighted,low,blue,dash
82,0.929391969,Low Risk - ATE Weighted,low,blue,dash
83,0.929391969,Low Risk - ATE Weighted,low,blue,dash
84,0.929391969,Low Risk - ATE Weighted,low,blue,dash
85,0.929391969,Low Risk - ATE Weighted,low,blue,dash
86,0.924465678,Low Risk - ATE Weighted,low,blue,dash
87,0.924465678,Low Risk - ATE Weighted,low,blue,dash
88,0.924465678,Low Risk - ATE Weighted,low,blue,dash
89,0.924465678,Low Risk - ATE Weighted,low,blue,dash
90,0.924465678,Low Risk - ATE Weighted,low,blue,dash
91,0.924465678,Low Risk - ATE Weighted,low,blue,dash
92,0.924465678,Low Risk - ATE Weighted,low,blue,dash
93,0.924465678,Low Risk - ATE Weighted,low,blue,dash
94,0.924465678,Low Risk - ATE Weighted,low,blue,dash
95,0.924465678,Low Risk - ATE Weighted,low,blue,dash
96,0.924465678,Low Risk - ATE Weighted,low,blue,dash
97,0.924465678,Low Risk - ATE Weighted,low,blue,dash
98,0.924465678,Low Risk - ATE Weighted,low,blue,dash
99,0.924465678,Low Risk - ATE Weighted,low,blue,dash
100,0.924465678,Low Risk - ATE Weighted,low,blue,dash
101,0.924465678,Low Risk - ATE Weighted,low,blue,dash
102,0.924465678,Low Risk - ATE Weighted,low,blue,dash
103,0.924465678,Low Risk - ATE Weighted,low,blue,dash
104,0.924465678,Low Risk - ATE Weighted,low,blue,dash
105,0.924465678,Low Risk - ATE Weighted,low,blue,dash
107,0.924465678,Low Risk - ATE Weighted,low,blue,dash
108,0.845313284,Low Risk - ATE Weighted,low,blue,dash
109,0.845313284,Low Risk - ATE Weighted,low,blue,dash
110,0.845313284,Low Risk - ATE Weighted,low,blue,dash
111,0.845313284,Low Risk - ATE Weighted,low,blue,dash
112,0.845313284,Low Risk - ATE Weighted,low,blue,dash
113,0.845313284,Low Risk - ATE Weighted,low,blue,dash
114,0.845313284,Low Risk - ATE Weighted,low,blue,dash
115,0.845313284,Low Risk - ATE Weighted,low,blue,dash
116,0.845313284,Low Risk - ATE Weighted,low,blue,dash
117,0.845313284,Low Risk - ATE Weighted,low,blue,dash
118,0.845313284,Low Risk - ATE Weighted,low,blue,dash
119,0.845313284,Low Risk - ATE Weighted,low,blue,dash
120,0.845313284,Low Risk - ATE Weighted,low,blue,dash
121,0.845313284,Low Risk - ATE Weighted,low,blue,dash
122,0.845313284,Low Risk - ATE Weighted,low,blue,dash
123,0.845313284,Low Risk - ATE Weighted,low,blue,dash
124,0.845313284,Low Risk - ATE Weighted,low,blue,dash
125,0.845313284,Low Risk - ATE Weighted,low,blue,dash
128,0.845313284,Low Risk - ATE Weighted,low,blue,dash
129,0.845313284,Low Risk - ATE Weighted,low,blue,dash
131,0.845313284,Low Risk - ATE Weighted,low,blue,dash
132,0.845313284,Low Risk - ATE Weighted,low,blue,dash
0,1,High Risk - Unweighted,high,red,solid
1,0.999052133,High Risk - Unweighted,high,red,solid
2,0.999052133,High Risk - Unweighted,high,red,solid
3,0.994230453,High Risk - Unweighted,high,red,solid
4,0.992279068,High Risk - Unweighted,high,red,solid
5,0.988309952,High Risk - Unweighted,high,red,solid
6,0.985302923,High Risk - Unweighted,high,red,solid
7,0.980144269,High Risk - Unweighted,high,red,solid
8,0.973854574,High Risk - Unweighted,high,red,solid
9,0.969573894,High Risk - Unweighted,high,red,solid
10,0.968480801,High Risk - Unweighted,high,red,solid
11,0.964012608,High Risk - Unweighted,high,red,solid
12,0.957175639,High Risk - Unweighted,high,red,solid
13,0.954869192,High Risk - Unweighted,high,red,solid
14,0.950118599,High Risk - Unweighted,high,red,solid
15,0.944112792,High Risk - Unweighted,high,red,solid
16,0.941670068,High Risk - Unweighted,high,red,solid
17,0.935491131,High Risk - Unweighted,high,red,solid
18,0.931724052,High Risk - Unweighted,high,red,solid
19,0.929202472,High Risk - Unweighted,high,red,solid
20,0.926653219,High Risk - Unweighted,high,red,solid
21,0.921505146,High Risk - Unweighted,high,red,solid
22,0.914978905,High Risk - Unweighted,high,red,solid
23,0.914978905,High Risk - Unweighted,high,red,solid
24,0.913641217,High Risk - Unweighted,high,red,solid
25,0.910926087,High Risk - Unweighted,high,red,solid
26,0.910926087,High Risk - Unweighted,high,red,solid
27,0.905346142,High Risk - Unweighted,high,red,solid
28,0.899731592,High Risk - Unweighted,high,red,solid
29,0.899731592,High Risk - Unweighted,high,red,solid
30,0.898294321,High Risk - Unweighted,high,red,solid
31,0.896838415,High Risk - Unweighted,high,red,solid
32,0.896838415,High Risk - Unweighted,high,red,solid
33,0.89239862,High Risk - Unweighted,high,red,solid
34,0.890906315,High Risk - Unweighted,high,red,solid
35,0.890906315,High Risk - Unweighted,high,red,solid
36,0.889388587,High Risk - Unweighted,high,red,solid
37,0.883222982,High Risk - Unweighted,high,red,solid
38,0.883222982,High Risk - Unweighted,high,red,solid
39,0.883222982,High Risk - Unweighted,high,red,solid
40,0.881640145,High Risk - Unweighted,high,red,solid
41,0.881640145,High Risk - Unweighted,high,red,solid
42,0.881640145,High Risk - Unweighted,high,red,solid
43,0.880004449,High Risk - Unweighted,high,red,solid
44,0.880004449,High Risk - Unweighted,high,red,solid
45,0.880004449,High Risk - Unweighted,high,red,solid
46,0.880004449,High Risk - Unweighted,high,red,solid
47,0.876546671,High Risk - Unweighted,high,red,solid
48,0.876546671,High Risk - Unweighted,high,red,solid
49,0.87294689,High Risk - Unweighted,high,red,solid
50,0.87110523,High Risk - Unweighted,high,red,solid
51,0.865521222,High Risk - Unweighted,high,red,solid
52,0.863618977,High Risk - Unweighted,high,red,solid
53,0.863618977,High Risk - Unweighted,high,red,solid
54,0.859711199,High Risk - Unweighted,high,red,solid
55,0.857697824,High Risk - Unweighted,high,red,solid
56,0.855636051,High Risk - Unweighted,high,red,solid
57,0.851410687,High Risk - Unweighted,high,red,solid
58,0.851410687,High Risk - Unweighted,high,red,solid
59,0.849187683,High Risk - Unweighted,high,red,solid
60,0.849187683,High Risk - Unweighted,high,red,solid
61,0.849187683,High Risk - Unweighted,high,red,solid
62,0.849187683,High Risk - Unweighted,high,red,solid
63,0.846558619,High Risk - Unweighted,high,red,solid
64,0.843818947,High Risk - Unweighted,high,red,solid
65,0.843818947,High Risk - Unweighted,high,red,solid
66,0.840929156,High Risk - Unweighted,high,red,solid
67,0.837978527,High Risk - Unweighted,high,red,solid
68,0.837978527,High Risk - Unweighted,high,red,solid
69,0.834863366,High Risk - Unweighted,high,red,solid
70,0.834863366,High Risk - Unweighted,high,red,solid
71,0.834863366,High Risk - Unweighted,high,red,solid
72,0.831537217,High Risk - Unweighted,high,red,solid
73,0.828028621,High Risk - Unweighted,high,red,solid
74,0.824444081,High Risk - Unweighted,high,red,solid
75,0.824444081,High Risk - Unweighted,high,red,solid
76,0.824444081,High Risk - Unweighted,high,red,solid
77,0.824444081,High Risk - Unweighted,high,red,solid
78,0.824444081,High Risk - Unweighted,high,red,solid
79,0.82012762,High Risk - Unweighted,high,red,solid
80,0.815670405,High Risk - Unweighted,high,red,solid
81,0.815670405,High Risk - Unweighted,high,red,solid
82,0.815670405,High Risk - Unweighted,high,red,solid
83,0.815670405,High Risk - Unweighted,high,red,solid
84,0.810666292,High Risk - Unweighted,high,red,solid
85,0.805567762,High Risk - Unweighted,high,red,solid
86,0.805567762,High Risk - Unweighted,high,red,solid
87,0.805567762,High Risk - Unweighted,high,red,solid
88,0.800050174,High Risk - Unweighted,high,red,solid
89,0.800050174,High Risk - Unweighted,high,red,solid
90,0.793989188,High Risk - Unweighted,high,red,solid
91,0.787533992,High Risk - Unweighted,high,red,solid
92,0.787533992,High Risk - Unweighted,high,red,solid
93,0.773470885,High Risk - Unweighted,high,red,solid
94,0.773470885,High Risk - Unweighted,high,red,solid
95,0.765496958,High Risk - Unweighted,high,red,solid
96,0.765496958,High Risk - Unweighted,high,red,solid
97,0.756798129,High Risk - Unweighted,high,red,solid
98,0.756798129,High Risk - Unweighted,high,red,solid
99,0.756798129,High Risk - Unweighted,high,red,solid
100,0.756798129,High Risk - Unweighted,high,red,solid
101,0.756798129,High Risk - Unweighted,high,red,solid
102,0.756798129,High Risk - Unweighted,high,red,solid
103,0.756798129,High Risk - Unweighted,high,red,solid
104,0.756798129,High Risk - Unweighted,high,red,solid
105,0.756798129,High Risk - Unweighted,high,red,solid
106,0.756798129,High Risk - Unweighted,high,red,solid
107,0.756798129,High Risk - Unweighted,high,red,solid
108,0.756798129,High Risk - Unweighted,high,red,solid
110,0.756798129,High Risk - Unweighted,high,red,solid
111,0.756798129,High Risk - Unweighted,high,red,solid
112,0.756798129,High Risk - Unweighted,high,red,solid
113,0.756798129,High Risk - Unweighted,high,red,solid
114,0.730701642,High Risk - Unweighted,high,red,solid
115,0.730701642,High Risk - Unweighted,high,red,solid
116,0.730701642,High Risk - Unweighted,high,red,solid
117,0.730701642,High Risk - Unweighted,high,red,solid
118,0.730701642,High Risk - Unweighted,high,red,solid
120,0.730701642,High Risk - Unweighted,high,red,solid
121,0.730701642,High Risk - Unweighted,high,red,solid
122,0.730701642,High Risk - Unweighted,high,red,solid
123,0.730701642,High Risk - Unweighted,high,red,solid
124,0.730701642,High Risk - Unweighted,high,red,solid
125,0.730701642,High Risk - Unweighted,high,red,solid
126,0.730701642,High Risk - Unweighted,high,red,solid
127,0.730701642,High Risk - Unweighted,high,red,solid
131,0.730701642,High Risk - Unweighted,high,red,solid
0,1,High Risk - ATT Weighted,high,red,dot
1.6,0.999052133,High Risk - ATT Weighted,high,red,dot
2.6,0.999052133,High Risk - ATT Weighted,high,red,dot
3.6,0.994230453,High Risk - ATT Weighted,high,red,dot
4.6,0.992279068,High Risk - ATT Weighted,high,red,dot
5.6,0.988309952,High Risk - ATT Weighted,high,red,dot
6.6,0.985302923,High Risk - ATT Weighted,high,red,dot
7.6,0.980144269,High Risk - ATT Weighted,high,red,dot
8.6,0.973854574,High Risk - ATT Weighted,high,red,dot
9.6,0.969573894,High Risk - ATT Weighted,high,red,dot
10.6,0.968480801,High Risk - ATT Weighted,high,red,dot
11.6,0.964012608,High Risk - ATT Weighted,high,red,dot
12.6,0.957175639,High Risk - ATT Weighted,high,red,dot
13.6,0.954869192,High Risk - ATT Weighted,high,red,dot
14.6,0.950118599,High Risk - ATT Weighted,high,red,dot
15.6,0.944112792,High Risk - ATT Weighted,high,red,dot
16.6,0.941670068,High Risk - ATT Weighted,high,red,dot
17.6,0.935491131,High Risk - ATT Weighted,high,red,dot
18.6,0.931724052,High Risk - ATT Weighted,high,red,dot
19.6,0.929202472,High Risk - ATT Weighted,high,red,dot
20.6,0.926653219,High Risk - ATT Weighted,high,red,dot
21.6,0.921505146,High Risk - ATT Weighted,high,red,dot
22.6,0.914978905,High Risk - ATT Weighted,high,red,dot
23.6,0.914978905,High Risk - ATT Weighted,high,red,dot
24.6,0.913641217,High Risk - ATT Weighted,high,red,dot
25.6,0.910926087,High Risk - ATT Weighted,high,red,dot
26.6,0.910926087,High Risk - ATT Weighted,high,red,dot
27.6,0.905346142,High Risk - ATT Weighted,high,red,dot
28.6,0.899731592,High Risk - ATT Weighted,high,red,dot
29.6,0.899731592,High Risk - ATT Weighted,high,red,dot
30.6,0.898294321,High Risk - ATT Weighted,high,red,dot
31.6,0.896838415,High Risk - ATT Weighted,high,red,dot
32.6,0.896838415,High Risk - ATT Weighted,high,red,dot
33.6,0.89239862,High Risk - ATT Weighted,high,red,dot
34.6,0.890906315,High Risk - ATT Weighted,high,red,dot
35.6,0.890906315,High Risk - ATT Weighted,high,red,dot
36.6,0.889388587,High Risk - ATT Weighted,high,red,dot
37.6,0.883222982,High Risk - ATT Weighted,high,red,dot
38.6,0.883222982,High Risk - ATT Weighted,high,red,dot
39.6,0.883222982,High Risk - ATT Weighted,high,red,dot
40.6,0.881640145,High Risk - ATT Weighted,high,red,dot
41.6,0.881640145,High Risk - ATT Weighted,high,red,dot
42.6,0.881640145,High Risk - ATT Weighted,high,red,dot
43.6,0.880004449,High Risk - ATT Weighted,high,red,dot
44.6,0.880004449,High Risk - ATT Weighted,high,red,dot
45.6,0.880004449,High Risk - ATT Weighted,high,red,dot
46.6,0.880004449,High Risk - ATT Weighted,high,red,dot
47.6,0.876546671,High Risk - ATT Weighted,high,red,dot
48.6,0.876546671,High Risk - ATT Weighted,high,red,dot
49.6,0.87294689,High Risk - ATT Weighted,high,red,dot
50.6,0.87110523,High Risk - ATT Weighted,high,red,dot
51.6,0.865521222,High Risk - ATT Weighted,high,red,dot
52.6,0.863618977,High Risk - ATT Weighted,high,red,dot
53.6,0.863618977,High Risk - ATT Weighted,high,red,dot
54.6,0.859711199,High Risk - ATT Weighted,high,red,dot
55.6,0.857697824,High Risk - ATT Weighted,high,red,dot
56.6,0.855636051,High Risk - ATT Weighted,high,red,dot
57.6,0.851410687,High Risk - ATT Weighted,high,red,dot
58.6,0.851410687,High Risk - ATT Weighted,high,red,dot
59.6,0.849187683,High Risk - ATT Weighted,high,red,dot
60.6,0.849187683,High Risk - ATT Weighted,high,red,dot
61.6,0.849187683,High Risk - ATT Weighted,high,red,dot
62.6,0.849187683,High Risk - ATT Weighted,high,red,dot
63.6,0.846558619,High Risk - ATT Weighted,high,red,dot
64.6,0.843818947,High Risk - ATT Weighted,high,red,dot
65.6,0.843818947,High Risk - ATT Weighted,high,red,dot
66.6,0.840929156,High Risk - ATT Weighted,high,red,dot
67.6,0.837978527,High Risk - ATT Weighted,high,red,dot
68.6,0.837978527,High Risk - ATT Weighted,high,red,dot
69.6,0.834863366,High Risk - ATT Weighted,high,red,dot
70.6,0.834863366,High Risk - ATT Weighted,high,red,dot
71.6,0.834863366,High Risk - ATT Weighted,high,red,dot
72.6,0.831537217,High Risk - ATT Weighted,high,red,dot
73.6,0.828028621,High Risk - ATT Weighted,high,red,dot
74.6,0.824444081,High Risk - ATT Weighted,high,red,dot
75.6,0.824444081,High Risk - ATT Weighted,high,red,dot
76.6,0.824444081,High Risk - ATT Weighted,high,red,dot
77.6,0.824444081,High Risk - ATT Weighted,high,red,dot
78.6,0.824444081,High Risk - ATT Weighted,high,red,dot
79.6,0.82012762,High Risk - ATT Weighted,high,red,dot
80.6,0.815670405,High Risk - ATT Weighted,high,red,dot
81.6,0.815670405,High Risk - ATT Weighted,high,red,dot
82.6,0.815670405,High Risk - ATT Weighted,high,red,dot
83.6,0.815670405,High Risk - ATT Weighted,high,red,dot
84.6,0.810666292,High Risk - ATT Weighted,high,red,dot
85.6,0.805567762,High Risk - ATT Weighted,high,red,dot
86.6,0.805567762,High Risk - ATT Weighted,high,red,dot
87.6,0.805567762,High Risk - ATT Weighted,high,red,dot
88.6,0.800050174,High Risk - ATT Weighted,high,red,dot
89.6,0.800050174,High Risk - ATT Weighted,high,red,dot
90.6,0.793989188,High Risk - ATT Weighted,high,red,dot
91.6,0.787533992,High Risk - ATT Weighted,high,red,dot
92.6,0.787533992,High Risk - ATT Weighted,high,red,dot
93.6,0.773470885,High Risk - ATT Weighted,high,red,dot
94.6,0.773470885,High Risk - ATT Weighted,high,red,dot
95.6,0.765496958,High Risk - ATT Weighted,high,red,dot
96.6,0.765496958,High Risk - ATT Weighted,high,red,dot
97.6,0.756798129,High Risk - ATT Weighted,high,red,dot
98.6,0.756798129,High Risk - ATT Weighted,high,red,dot
99.6,0.756798129,High Risk - ATT Weighted,high,red,dot
100.6,0.756798129,High Risk - ATT Weighted,high,red,dot
101.6,0.756798129,High Risk - ATT Weighted,high,red,dot
102.6,0.756798129,High Risk - ATT Weighted,high,red,dot
103.6,0.756798129,High Risk - ATT Weighted,high,red,dot
104.6,0.756798129,High Risk - ATT Weighted,high,red,dot
105.6,0.756798129,High Risk - ATT Weighted,high,red,dot
106.6,0.756798129,High Risk - ATT Weighted,high,red,dot
107.6,0.756798129,High Risk - ATT Weighted,high,red,dot
108.6,0.756798129,High Risk - ATT Weighted,high,red,dot
110.6,0.756798129,High Risk - ATT Weighted,high,red,dot
111.6,0.756798129,High Risk - ATT Weighted,high,red,dot
112.6,0.756798129,High Risk - ATT Weighted,high,red,dot
113.6,0.756798129,High Risk - ATT Weighted,high,red,dot
114.6,0.730701642,High Risk - ATT Weighted,high,red,dot
115.6,0.730701642,High Risk - ATT Weighted,high,red,dot
116.6,0.730701642,High Risk - ATT Weighted,high,red,dot
117.6,0.730701642,High Risk - ATT Weighted,high,red,dot
118.6,0.730701642,High Risk - ATT Weighted,high,red,dot
120.6,0.730701642,High Risk - ATT Weighted,high,red,dot
121.6,0.730701642,High Risk - ATT Weighted,high,red,dot
122.6,0.730701642,High Risk - ATT Weighted,high,red,dot
123.6,0.730701642,High Risk - ATT Weighted,high,red,dot
124.6,0.730701642,High Risk - ATT Weighted,high,red,dot
125.6,0.730701642,High Risk - ATT Weighted,high,red,dot
126.6,0.730701642,High Risk - ATT Weighted,high,red,dot
127.6,0.730701642,High Risk - ATT Weighted,high,red,dot
131.6,0.730701642,High Risk - ATT Weighted,high,red,dot
0,1,High Risk - ATE Weighted,high,red,dash
1,0.999393121,High Risk - ATE Weighted,high,red,dash
2,0.999393121,High Risk - ATE Weighted,high,red,dash
3,0.995373224,High Risk - ATE Weighted,high,red,dash
4,0.993639976,High Risk - ATE Weighted,high,red,dash
5,0.990171931,High Risk - ATE Weighted,high,red,dash
6,0.986798177,High Risk - ATE Weighted,high,red,dash
7,0.982600617,High Risk - ATE Weighted,high,red,dash
8,0.977855336,High Risk - ATE Weighted,high,red,dash
9,0.973164241,High Risk - ATE Weighted,high,red,dash
10,0.972658222,High Risk - ATE Weighted,high,red,dash
11,0.96937812,High Risk - ATE Weighted,high,red,dash
12,0.965086605,High Risk - ATE Weighted,high,red,dash
13,0.963604704,High Risk - ATE Weighted,high,red,dash
14,0.960851049,High Risk - ATE Weighted,high,red,dash
15,0.957106931,High Risk - ATE Weighted,high,red,dash
16,0.955304625,High Risk - ATE Weighted,high,red,dash
17,0.951386373,High Risk - ATE Weighted,high,red,dash
18,0.948261093,High Risk - ATE Weighted,high,red,dash
19,0.946386231,High Risk - ATE Weighted,high,red,dash
20,0.944375404,High Risk - ATE Weighted,high,red,dash
21,0.941356799,High Risk - ATE Weighted,high,red,dash
22,0.937403266,High Risk - ATE Weighted,high,red,dash
23,0.937403266,High Risk - ATE Weighted,high,red,dash
24,0.935655527,High Risk - ATE Weighted,high,red,dash
25,0.931269052,High Risk - ATE Weighted,high,red,dash
26,0.931269052,High Risk - ATE Weighted,high,red,dash
27,0.927626175,High Risk - ATE Weighted,high,red,dash
28,0.922145735,High Risk - ATE Weighted,high,red,dash
29,0.922145735,High Risk - ATE Weighted,high,red,dash
30,0.92148791,High Risk - ATE Weighted,high,red,dash
31,0.920572752,High Risk - ATE Weighted,high,red,dash
32,0.920572752,High Risk - ATE Weighted,high,red,dash
33,0.917943952,High Risk - ATE Weighted,high,red,dash
34,0.916955307,High Risk - ATE Weighted,high,red,dash
35,0.916955307,High Risk - ATE Weighted,high,red,dash
36,0.915943598,High Risk - ATE Weighted,high,red,dash
37,0.910967776,High Risk - ATE Weighted,high,red,dash
38,0.910967776,High Risk - ATE Weighted,high,red,dash
39,0.910967776,High Risk - ATE Weighted,high,red,dash
40,0.91011971,High Risk - ATE Weighted,high,red,dash
41,0.91011971,High Risk - ATE Weighted,high,red,dash
42,0.91011971,High Risk - ATE Weighted,high,red,dash
43,0.909034175,High Risk - ATE Weighted,high,red,dash
44,0.909034175,High Risk - ATE Weighted,high,red,dash
45,0.909034175,High Risk - ATE Weighted,high,red,dash
46,0.909034175,High Risk - ATE Weighted,high,red,dash
47,0.90486008,High Risk - ATE Weighted,high,red,dash
48,0.90486008,High Risk - ATE Weighted,high,red,dash
49,0.902271697,High Risk - ATE Weighted,high,red,dash
50,0.901336741,High Risk - ATE Weighted,high,red,dash
51,0.896836045,High Risk - ATE Weighted,high,red,dash
52,0.895179042,High Risk - ATE Weighted,high,red,dash
53,0.895179042,High Risk - ATE Weighted,high,red,dash
54,0.892514808,High Risk - ATE Weighted,high,red,dash
55,0.890424109,High Risk - ATE Weighted,high,red,dash
56,0.889197513,High Risk - ATE Weighted,high,red,dash
57,0.886525618,High Risk - ATE Weighted,high,red,dash
58,0.886525618,High Risk - ATE Weighted,high,red,dash
59,0.883264715,High Risk - ATE Weighted,high,red,dash
60,0.883264715,High Risk - ATE Weighted,high,red,dash
61,0.883264715,High Risk - ATE Weighted,high,red,dash
62,0.883264715,High Risk - ATE Weighted,high,red,dash
63,0.88167147,High Risk - ATE Weighted,high,red,dash
64,0.879249729,High Risk - ATE Weighted,high,red,dash
65,0.879249729,High Risk - ATE Weighted,high,red,dash
66,0.87480252,High Risk - ATE Weighted,high,red,dash
67,0.873467413,High Risk - ATE Weighted,high,red,dash
68,0.873467413,High Risk - ATE Weighted,high,red,dash
69,0.870316407,High Risk - ATE Weighted,high,red,dash
70,0.870316407,High Risk - ATE Weighted,high,red,dash
71,0.870316407,High Risk - ATE Weighted,high,red,dash
72,0.867275736,High Risk - ATE Weighted,high,red,dash
73,0.86454835,High Risk - ATE Weighted,high,red,dash
74,0.861485245,High Risk - ATE Weighted,high,red,dash
75,0.861485245,High Risk - ATE Weighted,high,red,dash
76,0.861485245,High Risk - ATE Weighted,high,red,dash
77,0.861485245,High Risk - ATE Weighted,high,red,dash
78,0.861485245,High Risk - ATE Weighted,high,red,dash
79,0.859368796,High Risk - ATE Weighted,high,red,dash
80,0.857447663,High Risk - ATE Weighted,high,red,dash
81,0.857447663,High Risk - ATE Weighted,high,red,dash
82,0.857447663,High Risk - ATE Weighted,high,red,dash
83,0.857447663,High Risk - ATE Weighted,high,red,dash
84,0.851492185,High Risk - ATE Weighted,high,red,dash
85,0.846931432,High Risk - ATE Weighted,high,red,dash
86,0.846931432,High Risk - ATE Weighted,high,red,dash
87,0.846931432,High Risk - ATE Weighted,high,red,dash
88,0.843702282,High Risk - ATE Weighted,high,red,dash
89,0.843702282,High Risk - ATE Weighted,high,red,dash
90,0.837630638,High Risk - ATE Weighted,high,red,dash
91,0.833744643,High Risk - ATE Weighted,high,red,dash
92,0.833744643,High Risk - ATE Weighted,high,red,dash
93,0.827046114,High Risk - ATE Weighted,high,red,dash
94,0.827046114,High Risk - ATE Weighted,high,red,dash
95,0.820425444,High Risk - ATE Weighted,high,red,dash
96,0.820425444,High Risk - ATE Weighted,high,red,dash
97,0.813620067,High Risk - ATE Weighted,high,red,dash
98,0.813620067,High Risk - ATE Weighted,high,red,dash
99,0.813620067,High Risk - ATE Weighted,high,red,dash
100,0.813620067,High Risk - ATE Weighted,high,red,dash
101,0.813620067,High Risk - ATE Weighted,high,red,dash
102,0.813620067,High Risk - ATE Weighted,high,red,dash
103,0.813620067,High Risk - ATE Weighted,high,red,dash
104,0.813620067,High Risk - ATE Weighted,high,red,dash
105,0.813620067,High Risk - ATE Weighted,high,red,dash
106,0.813620067,High Risk - ATE Weighted,high,red,dash
107,0.813620067,High Risk - ATE Weighted,high,red,dash
108,0.813620067,High Risk - ATE Weighted,high,red,dash
110,0.813620067,High Risk - ATE Weighted,high,red,dash
111,0.813620067,High Risk - ATE Weighted,high,red,dash
112,0.813620067,High Risk - ATE Weighted,high,red,dash
113,0.813620067,High Risk - ATE Weighted,high,red,dash
114,0.792887202,High Risk - ATE Weighted,high,red,dash
115,0.792887202,High Risk - ATE Weighted,high,red,dash
116,0.792887202,High Risk - ATE Weighted,high,red,dash
117,0.792887202,High Risk - ATE Weighted,high,red,dash
118,0.792887202,High Risk - ATE Weighted,high,red,dash
120,0.792887202,High Risk - ATE Weighted,high,red,dash
121,0.792887202,High Risk - ATE Weighted,high,red,dash
122,0.792887202,High Risk - ATE Weighted,high,red,dash
123,0.792887202,High Risk - ATE Weighted,high,red,dash
124,0.792887202,High Risk - ATE Weighted,high,red,dash
125,0.792887202,High Risk - ATE Weighted,high,red,dash
126,0.792887202,High Risk - ATE Weighted,high,red,dash
127,0.792887202,High Risk - ATE Weighted,high,red,dash
131,0.792887202,High Risk - ATE Weighted,high,red,dash